feature,importance
feature_1,0.8850622666616077
feature_4,0.8499182099023401
feature_6,0.654750851450502
feature_7,0.2285520593760532
feature_8,0.16899514559182877
feature_2,0.14695545105715316
feature_0,0.095669099176424
feature_3,0.0026304399528005846
feature_5,0.0011483842538633022
feature_14,0.0008477684835848245
feature_13,0.00048408578318598415
feature_11,0.00025280193600877616
feature_12,0.00023012101390554643
feature_9,0.0
feature_10,0.0
feature_15,0.0
